,City,Country,Date,Lat,Lng,Max Temp,Humidity,Cloudiness,Wind Speed
0,Ushuaia,AR,2022-10-06 04:51:36,-54.8,-68.3,38.86,87,40,10.36
1,Cherskiy,RU,2022-10-06 04:51:36,68.75,161.3,29.75,94,100,20.78
2,Verrettes,HT,2022-10-06 04:51:36,19.05,-72.4667,76.59,90,47,3.6
3,Rikitea,PF,2022-10-06 04:47:58,-23.1203,-134.9692,69.67,61,71,20.24
4,Albany,US,2022-10-06 04:49:27,42.6001,-73.9662,48.92,94,5,3.96
5,Hermanus,ZA,2022-10-06 04:51:37,-34.4187,19.2345,51.8,80,41,13.06
6,Puerto Escondido,MX,2022-10-06 04:51:37,15.85,-97.0667,78.6,82,20,5.48
7,Adrar,MR,2022-10-06 04:51:37,20.5022,-10.0711,83.57,15,3,11.18
8,Cayenne,GF,2022-10-06 04:50:27,4.9333,-52.3333,73.44,100,0,0.0
9,Mahebourg,MU,2022-10-06 04:51:38,-20.4081,57.7,76.24,69,40,12.66
10,Artyom,AZ,2022-10-06 04:51:38,40.4723,50.333,71.74,80,58,25.39
11,Mataura,NZ,2022-10-06 04:51:38,-46.1927,168.8643,45.48,79,78,8.05
12,Bilma,NE,2022-10-06 04:51:39,18.6853,12.9164,82.2,28,62,14.54
13,Tezu,IN,2022-10-06 04:51:39,27.9167,96.1667,74.75,97,100,1.14
14,Mount Isa,AU,2022-10-06 04:51:39,-20.7333,139.5,91.17,31,75,4.61
15,Mareeba,AU,2022-10-06 04:51:40,-17.0,145.4333,84.43,67,82,8.93
16,Qaanaaq,GL,2022-10-06 04:51:40,77.484,-69.3632,4.32,72,33,7.29
17,Carnarvon,AU,2022-10-06 04:49:59,-24.8667,113.6333,73.47,31,0,21.85
18,Shingu,JP,2022-10-06 04:51:40,33.7333,135.9833,61.93,92,100,4.52
19,Aklavik,CA,2022-10-06 04:51:41,68.2191,-135.0107,33.78,88,64,8.46
20,Kapaa,US,2022-10-06 04:47:49,22.0752,-159.319,80.58,77,20,12.66
21,Busselton,AU,2022-10-06 04:51:41,-33.65,115.3333,57.34,68,94,14.18
22,Kodiak,US,2022-10-06 04:51:41,57.79,-152.4072,53.11,82,100,8.05
23,Terrace,CA,2022-10-06 04:51:40,54.5163,-128.6035,57.11,94,100,0.0
24,Kutum,SD,2022-10-06 04:48:28,14.2,24.6667,76.37,30,57,5.88
25,Ayan,RU,2022-10-06 04:48:31,56.45,138.1667,38.46,45,77,17.13
26,Punta Arenas,CL,2022-10-06 04:47:24,-53.15,-70.9167,39.31,81,0,9.22
27,Barrow,US,2022-10-06 04:51:42,71.2906,-156.7887,33.82,86,40,12.66
28,Hobart,AU,2022-10-06 04:51:42,-42.8794,147.3294,56.26,78,75,17.27
29,Bambanglipuro,ID,2022-10-06 04:51:43,-7.95,110.2833,81.46,72,99,13.56
30,Lavrentiya,RU,2022-10-06 04:51:44,65.5833,-171.0,40.66,95,100,35.86
31,Jamestown,US,2022-10-06 04:51:44,42.097,-79.2353,53.24,67,0,1.01
32,Ancud,CL,2022-10-06 04:48:40,-41.8697,-73.8203,45.45,82,54,7.11
33,Bontang,ID,2022-10-06 04:51:44,0.1333,117.5,81.9,74,100,1.41
34,Xingyi,CN,2022-10-06 04:51:45,24.1877,102.817,73.45,58,44,6.82
35,Arraial Do Cabo,BR,2022-10-06 04:51:45,-22.9661,-42.0278,68.92,85,100,10.47
36,Vaini,TO,2022-10-06 04:51:45,-21.2,-175.2,80.76,89,75,3.44
37,Mahibadhoo,MV,2022-10-06 04:51:46,3.7833,72.9667,81.12,78,100,17.05
38,Yellowknife,CA,2022-10-06 04:51:46,62.456,-114.3525,41.56,81,20,17.27
39,Salalah,OM,2022-10-06 04:51:46,17.0151,54.0924,80.96,72,97,6.98
40,Marzuq,YE,2022-10-06 04:51:47,14.4,46.4667,79.36,31,43,4.97
41,Bethel,US,2022-10-06 04:51:47,41.3712,-73.414,59.94,86,40,1.99
42,Moree,AU,2022-10-06 04:51:47,-29.4667,149.85,70.3,60,95,12.64
43,Atuona,PF,2022-10-06 04:51:48,-9.8,-139.0333,77.07,78,16,21.0
44,Bredasdorp,ZA,2022-10-06 04:51:48,-34.5322,20.0403,50.43,83,26,7.16
45,Kaeo,NZ,2022-10-06 04:51:48,-35.1,173.7833,57.33,58,27,13.29
46,Codrington,AU,2022-10-06 04:51:49,-38.2667,141.9667,64.08,83,96,13.04
47,Tocopilla,CL,2022-10-06 04:52:49,-22.092,-70.1979,60.57,66,0,6.33
48,Kavieng,PG,2022-10-06 04:52:50,-2.5744,150.7967,84.52,72,78,11.74
49,Grand-Santi,GF,2022-10-06 04:52:50,4.25,-54.3833,72.32,90,47,2.84
50,Samfya,ZM,2022-10-06 04:52:50,-11.3649,29.5565,69.93,43,43,12.17
51,Seddon,AU,2022-10-06 04:52:51,-37.8068,144.8916,71.15,70,100,26.46
52,Ostrovnoy,RU,2022-10-06 04:52:52,68.0531,39.5131,45.48,83,76,20.56
53,Shymkent,KZ,2022-10-06 04:52:52,42.3,69.6,61.39,23,0,4.47
54,Smolenka,RU,2022-10-06 04:52:53,52.1352,113.4974,33.87,37,40,4.47
55,Port Lincoln,AU,2022-10-06 04:52:53,-34.7333,135.8667,67.55,61,39,12.75
56,Lorengau,PG,2022-10-06 04:52:53,-2.0226,147.2712,85.57,69,48,11.81
57,Tiznit,MA,2022-10-06 04:52:54,29.5833,-9.5,69.42,53,84,1.12
58,Eldama Ravine,KE,2022-10-06 04:52:54,0.0516,35.7308,59.47,75,54,3.24
59,Aberystwyth,GB,2022-10-06 04:52:54,52.4155,-4.0829,56.71,81,3,19.06
60,Guerrero Negro,MX,2022-10-06 04:52:55,27.9769,-114.0611,69.6,83,0,12.5
61,Umm Lajj,SA,2022-10-06 04:52:55,25.0213,37.2685,87.6,40,0,7.9
62,Palanga,LT,2022-10-06 04:52:55,55.9175,21.0686,57.22,94,100,10.36
63,Marystown,CA,2022-10-06 04:52:56,47.1666,-55.1483,49.55,77,100,3.29
64,Hasaki,JP,2022-10-06 04:52:56,35.7333,140.8333,55.8,84,100,26.53
65,Dutse,NG,2022-10-06 04:52:56,11.7594,9.3392,77.04,59,88,4.43
66,Hithadhoo,MV,2022-10-06 04:52:57,-0.6,73.0833,82.53,74,62,19.6
67,Huarmey,PE,2022-10-06 04:52:57,-10.0681,-78.1522,60.67,85,54,9.08
68,Honningsvag,NO,2022-10-06 04:52:57,70.9821,25.9704,42.55,81,75,13.8
69,Tupelo,US,2022-10-06 04:52:58,34.2576,-88.7034,57.49,59,0,0.0
70,Airai,TL,2022-10-06 04:52:58,-8.9266,125.4092,75.27,53,98,2.98
71,Thompson,CA,2022-10-06 04:52:58,55.7435,-97.8558,28.56,80,100,8.05
72,Lagoa,PT,2022-10-06 04:52:59,39.05,-27.9833,68.65,87,99,13.6
73,Caravelas,BR,2022-10-06 04:53:00,-17.7125,-39.2481,72.55,92,52,5.77
74,Cockburn Town,TC,2022-10-06 04:53:00,21.4612,-71.1419,82.9,75,86,12.48
75,Upernavik,GL,2022-10-06 04:53:01,72.7868,-56.1549,18.54,88,95,6.04
76,Chizhou,CN,2022-10-06 04:53:01,30.6578,117.4831,55.35,92,100,8.3
77,Newport,GB,2022-10-06 04:52:56,51.5877,-2.9984,57.74,82,1,9.15
78,Zhigansk,RU,2022-10-06 04:53:02,66.7697,123.3711,26.13,72,89,27.6
79,Nikolskoye,RU,2022-10-06 04:53:02,59.7035,30.7861,51.8,96,100,9.4
80,Wuwei,CN,2022-10-06 04:53:03,37.9281,102.6414,56.55,33,65,7.02
81,Lamar,US,2022-10-06 04:53:04,33.6668,-95.5836,69.37,49,0,0.0
82,Aykhal,RU,2022-10-06 04:53:04,66.0,111.5,20.14,90,89,10.2
83,Chokurdakh,RU,2022-10-06 04:53:05,70.6333,147.9167,21.16,93,97,10.47
84,Plettenberg Bay,ZA,2022-10-06 04:53:05,-34.0527,23.3716,55.35,78,41,7.14
85,San Andres,CO,2022-10-06 04:54:05,12.5847,-81.7006,84.22,79,75,5.75
86,Verkh-Usugli,RU,2022-10-06 04:54:06,52.7,115.1667,38.97,29,10,4.12
87,Saint-Joseph,RE,2022-10-06 04:52:20,-21.3667,55.6167,77.47,65,14,12.1
88,Ribeira Grande,PT,2022-10-06 04:54:06,38.5167,-28.7,71.58,83,97,7.31
89,Zamora,EC,2022-10-06 04:53:55,-4.0692,-78.9567,67.46,98,82,3.29
90,Dongobesh,TZ,2022-10-06 04:54:07,-4.0667,35.3833,57.72,76,100,7.81
91,Alice Springs,AU,2022-10-06 04:50:11,-23.7,133.8833,94.55,40,40,17.27
92,Tabou,CI,2022-10-06 04:54:08,4.423,-7.3528,74.75,91,100,1.36
93,Chernogorsk,RU,2022-10-06 04:54:08,53.8236,91.2842,42.37,70,0,2.24
94,Kimbe,PG,2022-10-06 04:54:09,-5.5502,150.1429,83.97,77,89,2.48
95,Gebre Guracha,ET,2022-10-06 04:54:09,9.8,38.4,54.55,73,31,3.22
96,Saldanha,ZA,2022-10-06 04:54:09,-33.0117,17.9442,46.45,79,100,3.09
97,Tiksi,RU,2022-10-06 04:49:54,71.6872,128.8694,24.58,87,100,15.66
98,Hilo,US,2022-10-06 04:54:10,19.7297,-155.09,79.29,88,100,1.99
99,Bluff,NZ,2022-10-06 04:54:10,-46.6,168.3333,45.81,55,95,20.47
100,Bowen,AU,2022-10-06 04:54:10,-20.0167,148.2333,78.3,67,13,17.98
101,Riberalta,BO,2022-10-06 04:54:11,-10.9833,-66.1,76.17,68,8,2.59
102,Portland,US,2022-10-06 04:52:27,45.5234,-122.6762,62.94,88,20,1.99
103,Gizo,SB,2022-10-06 04:54:11,-8.103,156.8419,85.35,58,89,7.61
104,Gladstone,AU,2022-10-06 04:54:11,-23.85,151.25,75.13,60,100,12.66
105,Castro,BR,2022-10-06 04:54:12,-24.7911,-50.0119,57.85,98,100,6.98
106,Georgetown,MY,2022-10-06 04:54:12,5.4112,100.3354,85.98,74,20,5.75
107,Provideniya,RU,2022-10-06 04:54:12,64.3833,-173.3,42.15,85,100,30.09
108,Saint George,US,2022-10-06 04:54:13,37.1041,-113.5841,79.39,25,0,9.22
109,Narsaq,GL,2022-10-06 04:54:13,60.9167,-46.05,28.78,92,44,5.59
110,Mount Gambier,AU,2022-10-06 04:54:13,-37.8333,140.7667,60.71,94,75,4.61
111,Bratsk,RU,2022-10-06 04:54:14,56.1325,101.6142,34.29,71,99,11.34
112,Victoria,HK,2022-10-06 04:52:31,22.2855,114.1577,91.45,73,36,7.0
113,Souillac,MU,2022-10-06 04:54:14,-20.5167,57.5167,75.58,69,40,12.66
114,Puerto Ayora,EC,2022-10-06 04:54:15,-0.7393,-90.3518,66.54,95,60,4.0
115,Ballina,AU,2022-10-06 04:54:15,-28.8667,153.5667,61.86,88,100,2.04
116,Lata,PT,2022-10-06 04:54:15,40.1629,-8.3327,55.08,68,47,3.42
117,Vanimo,PG,2022-10-06 04:54:16,-2.6741,141.3028,85.24,71,94,9.69
118,High Level,CA,2022-10-06 04:54:16,58.5169,-117.136,44.71,61,20,8.05
119,Tasiilaq,GL,2022-10-06 04:54:16,65.6145,-37.6368,24.03,48,81,6.49
120,Okhotsk,RU,2022-10-06 04:54:17,59.3833,143.3,34.34,41,100,11.12
121,Samarai,PG,2022-10-06 04:54:17,-10.6167,150.6667,82.8,77,65,10.07
122,Cam Ranh,VN,2022-10-06 04:54:17,11.9214,109.1591,85.96,70,40,8.05
123,Saint-Philippe,RE,2022-10-06 04:54:17,-21.3585,55.7679,76.59,68,35,13.76
124,Geraldton,AU,2022-10-06 04:54:18,-28.7667,114.6,66.61,37,75,16.11
125,Banda Aceh,ID,2022-10-06 04:49:56,5.5577,95.3222,82.63,72,94,13.22
126,Ponta Do Sol,PT,2022-10-06 04:54:18,32.6667,-17.1,70.43,84,29,4.83
127,Nabire,ID,2022-10-06 04:49:21,-3.3667,135.4833,84.9,69,46,4.74
128,Miri,MY,2022-10-06 04:54:19,4.4148,114.0089,86.14,74,40,6.91
129,San Buenaventura,MX,2022-10-06 04:54:19,27.0833,-101.5333,76.48,56,97,3.04
130,Izumo,JP,2022-10-06 04:54:20,35.3667,132.7667,71.49,53,75,21.85
131,San Pedro,PH,2022-10-06 04:54:20,14.35,121.0167,90.32,64,40,9.22
132,Esperance,AU,2022-10-06 04:55:20,-33.8667,121.9,60.64,66,54,25.66
133,Whitehorse,CA,2022-10-06 04:55:21,60.7161,-135.0538,52.57,66,75,13.8
134,Bollnas,SE,2022-10-06 04:55:21,61.3482,16.3946,49.03,92,100,3.83
135,Longyearbyen,SJ,2022-10-06 04:55:21,78.2186,15.6401,39.04,81,75,17.27
136,Chipata,ZM,2022-10-06 04:55:22,-13.6333,32.65,71.91,35,7,8.34
137,Saskylakh,RU,2022-10-06 04:55:22,71.9167,114.0833,15.03,93,79,11.27
138,Pafos,CY,2022-10-06 04:55:22,34.7667,32.4167,64.18,55,20,11.5
139,Ixtapa,MX,2022-10-06 04:55:23,20.7,-105.2,74.01,95,60,2.48
140,Bengkulu,ID,2022-10-06 04:55:23,-3.8004,102.2655,83.12,69,29,6.82
141,Dikson,RU,2022-10-06 04:55:24,73.5069,80.5464,32.85,98,100,15.64
142,Klaksvik,FO,2022-10-06 04:55:24,62.2266,-6.589,49.12,79,89,21.74
143,Sistranda,NO,2022-10-06 04:55:24,63.7256,8.834,48.16,80,80,32.75
144,Moron,AR,2022-10-06 04:55:25,-34.6534,-58.6198,62.96,91,98,6.08
145,Dongsheng,CN,2022-10-06 04:55:25,39.8161,109.9776,50.85,28,62,12.8
146,Sarangani,PH,2022-10-06 04:55:25,5.4033,125.4636,83.37,75,41,17.11
147,Butaritari,KI,2022-10-06 04:55:26,3.0707,172.7902,82.33,74,8,14.07
148,Komsomolskiy,UZ,2022-10-06 04:55:27,40.4272,71.7189,66.92,18,0,2.3
149,Alexandria,EG,2022-10-06 04:54:31,31.2156,29.9553,72.14,57,0,9.46
150,Bangassou,CF,2022-10-06 04:55:27,4.7413,22.8184,68.29,99,98,0.58
151,Irbeyskoye,RU,2022-10-06 04:55:27,55.6428,95.4522,36.1,93,100,10.67
152,Omsukchan,RU,2022-10-06 04:55:28,62.5333,155.8,14.54,87,100,12.41
153,Garowe,SO,2022-10-06 04:55:28,8.4054,48.4845,79.03,59,58,16.87
154,Mgandu,TZ,2022-10-06 04:55:28,-5.95,34.1333,63.27,62,98,12.55
155,Norman Wells,CA,2022-10-06 04:55:29,65.282,-126.8329,39.24,81,75,4.61
156,Buala,SB,2022-10-06 04:55:29,-8.145,159.5921,84.67,61,95,6.82
157,Rawson,AR,2022-10-06 04:50:53,-43.3002,-65.1023,60.91,38,100,17.54
158,Flinders,AU,2022-10-06 04:55:29,-34.5833,150.8552,62.38,91,100,4.0
159,Sao Geraldo Do Araguaia,BR,2022-10-06 04:55:30,-6.4006,-48.555,81.34,43,55,4.47
160,Port Hardy,CA,2022-10-06 04:55:30,50.6996,-127.4199,59.18,88,20,3.44
161,Lebu,CL,2022-10-06 04:55:30,-37.6167,-73.65,50.49,95,100,13.8
162,Monteagudo,BO,2022-10-06 04:55:31,-19.8167,-63.9833,67.12,71,1,2.91
163,Bitung,ID,2022-10-06 04:55:31,1.4451,125.1824,90.45,67,93,7.07
164,Paamiut,GL,2022-10-06 04:55:31,61.994,-49.6678,35.98,71,64,7.81
165,Meulaboh,ID,2022-10-06 04:55:32,4.1363,96.1285,81.27,76,82,3.31
166,Sao Joao Da Barra,BR,2022-10-06 04:55:32,-21.6403,-41.0511,70.43,87,83,9.19
167,Kahului,US,2022-10-06 04:55:33,20.8947,-156.47,79.84,87,60,4.0
168,Dogondoutchi,NE,2022-10-06 04:55:33,13.6393,4.0287,82.6,66,24,7.07
169,New Norfolk,AU,2022-10-06 04:55:33,-42.7826,147.0587,55.92,67,100,5.01
170,Bambous Virieux,MU,2022-10-06 04:55:33,-20.3428,57.7575,76.21,69,40,12.66
171,Morros,BR,2022-10-06 04:55:34,-9.4467,-46.3003,76.37,31,13,3.24
172,Kandalaksha,RU,2022-10-06 04:55:34,67.162,32.4123,42.1,94,96,11.95
173,Sinazongwe,ZM,2022-10-06 04:55:34,-17.2614,27.4618,76.66,43,0,6.38
174,East London,ZA,2022-10-06 04:55:35,-33.0153,27.9116,63.64,83,84,13.13
175,Dalby,AU,2022-10-06 04:55:35,-27.1833,151.2667,73.98,53,84,1.01
176,Avarua,CK,2022-10-06 04:55:36,-21.2078,-159.775,75.25,73,75,13.8
177,Waiuku,NZ,2022-10-06 04:55:36,-37.25,174.75,53.85,49,51,14.41
178,Krasnyy Yar,RU,2022-10-06 04:55:36,46.5331,48.3456,57.13,59,100,9.44
179,The Valley,AI,2022-10-06 04:55:37,18.217,-63.0578,82.81,74,7,20.02
180,Sidi Ali,DZ,2022-10-06 04:55:37,36.0998,0.4206,66.47,68,38,2.57
181,Alyth,GB,2022-10-06 04:56:37,56.6221,-3.2301,50.63,89,75,7.0
182,College,US,2022-10-06 04:56:38,64.8569,-147.8028,42.91,78,19,2.89
183,Katsuura,JP,2022-10-06 04:56:38,35.1333,140.3,55.42,88,100,26.04
184,Akhmim,EG,2022-10-06 04:56:38,26.5622,31.745,77.2,53,1,12.97
185,Cape Town,ZA,2022-10-06 04:56:39,-33.9258,18.4232,58.08,80,40,6.91
186,Vilhena,BR,2022-10-06 04:56:39,-12.7406,-60.1458,68.7,93,8,3.47
187,Sakakah,SA,2022-10-06 04:56:39,29.9697,40.2064,78.37,17,0,7.63
188,Uddevalla,SE,2022-10-06 04:56:40,58.3478,11.9424,54.21,93,54,7.0
189,Mapiri,BO,2022-10-06 04:56:41,-15.25,-68.1667,67.33,98,81,1.21
190,Mar Del Plata,AR,2022-10-06 04:56:41,-38.0023,-57.5575,55.09,91,84,0.0
191,Chuy,UY,2022-10-06 04:56:42,-33.6971,-53.4616,58.51,84,100,11.27
192,Ouegoa,NC,2022-10-06 04:56:42,-20.35,164.4333,75.4,59,98,7.34
193,Sechura,PE,2022-10-06 04:56:43,-5.5569,-80.8222,61.41,83,3,8.48
194,Viedma,AR,2022-10-06 04:56:43,-40.8135,-62.9967,55.99,69,2,20.56
195,Sinnamary,GF,2022-10-06 04:56:43,5.3833,-52.95,77.83,88,10,9.55
196,Cabo San Lucas,MX,2022-10-06 04:54:35,22.8909,-109.9124,82.51,65,50,3.0
197,Severo-Kurilsk,RU,2022-10-06 04:56:44,50.6789,156.125,46.8,63,20,14.03
198,Avera,US,2022-10-06 04:56:45,33.194,-82.5271,53.38,42,47,2.3
199,Rundu,NA,2022-10-06 04:56:45,-17.9333,19.7667,69.93,23,3,6.33
200,Quatre Cocos,MU,2022-10-06 04:56:45,-20.2078,57.7625,76.08,75,35,16.6
201,Sydney,AU,2022-10-06 04:56:16,-33.8679,151.2073,64.47,92,75,11.5
202,Finschhafen,PG,2022-10-06 04:56:46,-6.6024,147.8681,84.67,71,99,9.37
203,Soe,ID,2022-10-06 04:56:46,-9.8607,124.284,83.34,46,100,9.1
204,Conakry,GN,2022-10-06 04:56:47,9.538,-13.6773,79.36,81,62,3.8
205,Troitsko-Pechorsk,RU,2022-10-06 04:56:47,62.7084,56.1964,41.14,90,100,6.67
206,Togur,RU,2022-10-06 04:56:47,58.3631,82.8265,40.23,66,71,6.49
207,Daru,PG,2022-10-06 04:56:48,-9.0763,143.2092,82.8,81,99,15.68
208,Khatanga,RU,2022-10-06 04:56:48,71.9667,102.5,15.28,96,100,6.13
209,Ilulissat,GL,2022-10-06 04:56:49,69.2167,-51.1,12.45,72,89,7.27
210,Bubaque,GW,2022-10-06 04:56:49,11.2833,-15.8333,81.18,82,52,6.89
211,Santo Domingo,DO,2022-10-06 04:56:49,18.5001,-69.9886,79.03,96,93,5.23
212,Mandalgovi,MN,2022-10-06 04:56:50,45.7625,106.2708,46.26,12,18,14.58
213,Jacksonville,US,2022-10-06 04:55:32,30.3322,-81.6556,65.01,77,20,0.0
214,Wajir,KE,2022-10-06 04:56:50,1.7471,40.0573,75.16,73,75,10.36
215,Maltahohe,NA,2022-10-06 04:56:51,-24.8333,16.9833,63.99,13,0,1.59
216,Topolobampo,MX,2022-10-06 04:56:51,25.6,-109.05,80.62,63,0,6.62
217,Kangaatsiaq,GL,2022-10-06 04:56:51,68.3065,-53.4641,28.53,75,95,5.59
218,Cidreira,BR,2022-10-06 04:56:52,-30.1811,-50.2056,63.68,87,100,23.0
219,Roald,NO,2022-10-06 04:56:52,62.5833,6.1333,52.75,87,75,26.46
220,Botwood,CA,2022-10-06 04:56:53,49.1499,-55.3482,44.91,86,100,5.14
221,Pacific Grove,US,2022-10-06 04:56:53,36.6177,-121.9166,61.02,95,100,4.0
222,Blythe,US,2022-10-06 04:56:54,33.6103,-114.5964,87.62,23,2,6.82
223,Kifri,IQ,2022-10-06 04:56:55,34.6959,44.9661,90.45,11,0,4.21
224,Arlit,NE,2022-10-06 04:55:10,18.7369,7.3853,84.85,21,45,8.84
225,Thinadhoo,MV,2022-10-06 04:56:55,0.5333,72.9333,82.54,75,57,19.33
226,Caucaia,BR,2022-10-06 04:57:56,-3.7361,-38.6531,79.03,77,75,14.97
227,Hongjiang,CN,2022-10-06 04:57:56,27.11,109.9956,66.61,61,100,6.73
228,Taminango,CO,2022-10-06 04:57:57,1.5749,-77.2867,61.18,94,100,0.78
229,Girua,BR,2022-10-06 04:57:57,-28.0283,-54.3497,64.33,97,100,8.03
230,Krumovgrad,BG,2022-10-06 04:57:57,41.4667,25.65,53.04,74,69,4.83
231,Anopino,RU,2022-10-06 04:57:57,55.6981,40.6671,42.93,92,83,5.17
232,Talnakh,RU,2022-10-06 04:57:58,69.4865,88.3972,31.21,95,100,5.06
233,Kartaly,RU,2022-10-06 04:57:58,53.0522,60.6467,51.89,25,100,13.58
234,Tuktoyaktuk,CA,2022-10-06 04:57:58,69.4541,-133.0374,33.8,93,40,21.85
235,Batagay-Alyta,RU,2022-10-06 04:57:59,67.8006,130.4114,21.25,75,93,10.76
236,Isangel,VU,2022-10-06 04:57:59,-19.55,169.2667,80.71,78,75,9.22
237,Nyurba,RU,2022-10-06 04:58:00,63.2842,118.3319,30.33,78,100,10.18
238,Karatuzskoye,RU,2022-10-06 04:58:00,53.6072,92.8667,36.25,96,100,1.92
239,Ribeirao Bonito,BR,2022-10-06 04:58:00,-22.0667,-48.1761,69.6,71,95,5.46
240,Richmond West,US,2022-10-06 04:58:01,25.6105,-80.4297,79.02,83,25,8.57
241,Atar,MR,2022-10-06 04:58:01,20.5169,-13.0499,86.13,18,19,12.35
242,Songkhla,TH,2022-10-06 04:58:02,6.8333,100.6667,86.05,70,100,1.81
243,Torbay,CA,2022-10-06 04:58:02,47.6666,-52.7314,48.76,92,40,12.66
244,Half Moon Bay,US,2022-10-06 04:58:02,37.4636,-122.4286,66.45,88,100,3.44
245,Venado,MX,2022-10-06 04:58:03,22.9333,-101.0833,60.15,92,100,10.96
246,Korla,CN,2022-10-06 04:58:03,41.7597,86.1469,62.91,23,33,7.74
247,Iida,JP,2022-10-06 04:58:04,35.5197,137.8207,55.04,95,100,5.01
248,Muli,MV,2022-10-06 04:58:04,2.9167,73.5667,81.64,77,96,18.66
249,Koroni,GR,2022-10-06 04:58:05,36.8,21.95,58.71,50,25,7.85
250,Malanville,BJ,2022-10-06 04:58:05,11.8685,3.3899,77.67,80,92,4.7
251,Leningradskiy,RU,2022-10-06 04:58:05,69.3833,178.4167,27.07,90,97,5.79
252,Dembi Dolo,ET,2022-10-06 04:58:06,8.5333,34.8,58.78,93,77,3.2
253,Taoudenni,ML,2022-10-06 04:58:06,22.6783,-3.9836,89.13,15,52,6.49
254,Beringovskiy,RU,2022-10-06 04:58:07,63.05,179.3167,39.67,59,38,28.16
255,Kos,GR,2022-10-06 04:58:07,36.8933,27.2889,69.24,65,0,12.44
256,San Patricio,US,2022-10-06 04:58:08,28.017,-97.5169,77.86,66,6,6.33
257,Hambantota,LK,2022-10-06 04:58:08,6.1241,81.1185,89.94,62,40,13.8
258,Imbituba,BR,2022-10-06 04:58:08,-28.24,-48.6703,68.86,95,100,11.23
259,Antalaha,MG,2022-10-06 04:58:09,-14.9003,50.2788,74.32,74,9,9.15
260,Banyo,CM,2022-10-06 04:58:09,6.75,11.8167,64.22,96,100,1.23
261,Teguise,ES,2022-10-06 04:58:09,29.0605,-13.564,68.22,78,0,12.66
262,Los Llanos De Aridane,ES,2022-10-06 04:58:10,28.6585,-17.9182,69.55,90,100,16.11
263,Brandfort,ZA,2022-10-06 04:58:10,-28.7001,26.4597,54.81,39,54,8.79
264,Moyale,KE,2022-10-06 04:58:11,3.5167,39.0584,67.14,78,56,13.44
265,Coihaique,CL,2022-10-06 04:58:11,-45.5752,-72.0662,44.55,65,40,5.75
266,Polunochnoye,RU,2022-10-06 04:58:11,60.8697,60.4153,43.77,69,97,3.47
267,Matagami,CA,2022-10-06 04:58:12,49.7502,-77.6328,48.31,100,100,19.57
268,Anadyr,RU,2022-10-06 04:58:12,64.75,177.4833,36.1,80,40,24.61
269,Havre-Saint-Pierre,CA,2022-10-06 04:58:13,50.2334,-63.5986,50.36,87,100,3.44
270,Miyang,CN,2022-10-06 04:58:13,24.4042,103.4428,76.5,62,56,7.92
271,Zeya,RU,2022-10-06 04:58:13,53.75,127.2667,41.99,37,57,9.01
272,Grindavik,IS,2022-10-06 04:58:14,63.8424,-22.4338,41.47,87,75,6.91
273,Vicosa Do Ceara,BR,2022-10-06 04:58:14,-3.5622,-41.0922,65.55,89,5,5.32
274,Marakkanam,IN,2022-10-06 04:58:15,12.2,79.95,79.14,62,99,6.78
275,Sabang,ID,2022-10-06 04:59:15,5.8933,95.3214,80.76,76,90,16.96
276,Carinhanha,BR,2022-10-06 04:59:16,-14.3047,-43.765,81.23,40,38,8.52
277,Palmer,US,2022-10-06 04:59:17,42.1584,-72.3287,58.77,84,100,5.01
278,Ormara,PK,2022-10-06 04:59:17,25.2088,64.6357,80.13,76,7,5.1
279,Pierre,US,2022-10-06 04:59:17,44.3683,-100.351,63.28,66,72,7.0
280,Novopskov,UA,2022-10-06 04:59:18,49.5464,39.0899,48.18,79,63,8.25
281,Pangnirtung,CA,2022-10-06 04:59:18,66.1451,-65.7125,30.45,92,100,2.75
282,Chai Badan,TH,2022-10-06 04:59:19,15.2,101.1333,79.5,86,100,9.46
283,Acajutla,SV,2022-10-06 04:59:19,13.5928,-89.8275,78.06,80,100,4.7
284,Sain Alto,MX,2022-10-06 04:59:20,23.5833,-103.25,59.07,77,99,3.87
285,Makakilo City,US,2022-10-06 04:59:20,21.3469,-158.0858,78.57,72,66,7.58
286,Touros,BR,2022-10-06 04:54:23,-5.1989,-35.4608,75.24,88,6,9.01
287,San Cristobal,VE,2022-10-06 04:59:21,7.7669,-72.225,69.98,96,100,3.27
288,Charleston,US,2022-10-06 04:58:05,32.7766,-79.9309,59.02,92,0,0.0
289,Prado,BR,2022-10-06 04:59:21,-17.3411,-39.2208,72.91,91,72,7.14
290,Wiarton,CA,2022-10-06 04:59:21,44.7407,-81.1332,58.5,82,75,6.91
291,Emerald,AU,2022-10-06 04:59:22,-23.5333,148.1667,81.34,47,51,9.15
292,Kuytun,RU,2022-10-06 04:59:22,54.3419,101.5036,35.56,65,100,9.62
293,Berlevag,NO,2022-10-06 04:59:23,70.8578,29.0864,44.4,81,100,14.97
294,Poddorye,RU,2022-10-06 04:59:23,57.4695,31.1156,49.37,95,100,8.34
295,Nurota,UZ,2022-10-06 04:59:23,40.5614,65.6886,59.63,21,0,12.46
296,Sainte-Suzanne,RE,2022-10-06 04:59:24,-20.9061,55.6089,79.11,64,20,17.27
297,Vestmannaeyjar,IS,2022-10-06 04:59:24,63.4427,-20.2734,44.69,68,50,11.72
298,Mehnagar,IN,2022-10-06 04:59:24,25.8833,83.1167,77.95,88,98,13.56
299,Yantal,RU,2022-10-06 04:59:25,56.8471,105.2542,36.01,87,98,4.52
300,Sao Filipe,CV,2022-10-06 04:59:25,14.8961,-24.4956,78.06,86,48,13.18
301,Yarada,IN,2022-10-06 04:59:26,17.65,83.2667,86.32,79,75,9.22
302,Maumere,ID,2022-10-06 04:59:26,-8.6199,122.2111,85.64,66,99,1.7
303,Porto Novo,BJ,2022-10-06 04:59:26,6.4965,2.6036,78.62,92,57,5.01
304,Chabahar,IR,2022-10-06 04:59:27,25.2919,60.643,82.89,66,0,5.12
305,Loubomo,CG,2022-10-06 04:59:27,-4.1997,12.6739,71.2,93,99,1.25
306,Upington,ZA,2022-10-06 04:59:28,-28.4478,21.2561,53.98,26,0,1.14
307,Nome,US,2022-10-06 04:59:28,64.5011,-165.4064,41.16,90,100,18.66
308,Lompoc,US,2022-10-06 04:59:28,34.6391,-120.4579,59.14,97,100,0.0
309,Sur,OM,2022-10-06 04:59:29,22.5667,59.5289,88.21,46,0,0.96
310,Aleksandrovsk-Sakhalinskiy,RU,2022-10-06 04:59:29,50.8975,142.1561,41.09,58,89,14.74
311,Kavaratti,IN,2022-10-06 04:58:03,10.5669,72.642,81.97,75,100,15.99
312,Sandovo,RU,2022-10-06 04:59:30,58.4602,36.4128,39.6,98,21,4.92
313,Susuman,RU,2022-10-06 04:59:30,62.7833,148.1667,18.79,81,100,6.51
314,Fortuna,US,2022-10-06 04:57:28,40.5982,-124.1573,58.35,86,76,4.05
315,Sao Sebastiao,BR,2022-10-06 04:57:50,-23.76,-45.4097,67.75,95,97,7.92
316,Salinopolis,BR,2022-10-06 04:59:31,-0.6136,-47.3561,79.7,77,5,12.03
317,Belorechensk,RU,2022-10-06 04:59:31,44.76,39.87,53.91,69,17,3.0
318,Walvis Bay,NA,2022-10-06 04:59:39,-22.9575,14.5053,54.55,87,0,10.36
319,Naze,JP,2022-10-06 05:00:31,28.3667,129.4833,77.47,66,76,9.53
320,Kisangani,CD,2022-10-06 04:57:41,0.5167,25.2,70.59,98,100,0.63
321,Sarevere,EE,2022-10-06 05:00:32,58.79,25.4281,53.22,91,100,12.53
322,Grandview,US,2022-10-06 05:00:33,38.8858,-94.533,63.99,69,48,5.46
323,Mitu,CO,2022-10-06 05:00:33,1.1983,-70.1733,72.55,97,68,1.81
324,Rio Gallegos,AR,2022-10-06 05:00:33,-51.6226,-69.2181,44.22,79,99,16.87
325,Port Alfred,ZA,2022-10-06 05:00:34,-33.5906,26.891,60.19,91,68,4.0
326,Nanpara,IN,2022-10-06 05:00:35,27.8667,81.5,67.26,98,100,13.87
327,Havoysund,NO,2022-10-06 05:00:35,70.9963,24.6622,43.03,84,100,13.69
328,Galle,LK,2022-10-06 05:00:35,6.0367,80.217,80.02,83,100,15.82
329,Bonnyville,CA,2022-10-06 05:00:20,54.2668,-110.735,38.12,52,91,6.6
330,Basco,PH,2022-10-06 05:00:36,20.4487,121.9702,82.92,77,22,15.97
331,Danjiangkou,CN,2022-10-06 05:00:36,32.5428,111.5086,48.27,93,100,4.81
332,Sitka,US,2022-10-06 05:00:37,57.0531,-135.33,55.29,100,100,3.44
333,Port Macquarie,AU,2022-10-06 05:00:37,-31.4333,152.9167,60.28,89,100,4.74
334,Myitkyina,MM,2022-10-06 05:00:38,25.3833,97.4,82.06,75,71,2.17
335,Aborlan,PH,2022-10-06 05:00:38,9.4352,118.5492,87.24,67,100,7.47
336,Vila Velha,BR,2022-10-06 05:00:38,-20.3297,-40.2925,71.71,92,92,4.25
337,Salinas,US,2022-10-06 05:00:39,36.6777,-121.6555,66.0,93,100,5.75
338,Kuryk,KZ,2022-10-06 05:00:39,43.2,51.65,67.53,29,65,12.21
339,Xichang,CN,2022-10-06 05:00:40,27.8964,102.2634,70.16,82,97,2.26
340,Artesia,US,2022-10-06 05:00:03,33.8658,-118.0831,71.58,88,75,6.91
341,Coahuayana,MX,2022-10-06 05:00:40,18.7333,-103.6833,76.24,92,75,2.59
342,Tuatapere,NZ,2022-10-06 05:00:40,-46.1333,167.6833,45.57,66,95,12.84
343,Jackson,US,2022-10-06 04:55:56,42.4165,-122.8345,68.95,62,2,1.48
344,Pauini,BR,2022-10-06 05:00:41,-7.7136,-66.9764,73.56,83,23,0.45
345,Vagur,FO,2022-10-06 05:00:41,61.4732,-6.8119,47.39,81,96,23.78
346,Eirunepe,BR,2022-10-06 05:00:42,-6.6603,-69.8736,74.25,85,96,0.2
347,Calama,CL,2022-10-06 04:57:32,-22.4667,-68.9333,34.29,16,0,18.41
348,Pevek,RU,2022-10-06 05:00:42,69.7008,170.3133,32.16,98,100,9.22
349,Saurimo,AO,2022-10-06 05:00:43,-9.6608,20.3916,65.16,80,97,1.97
350,Oppdal,NO,2022-10-06 05:00:43,62.5943,9.6912,40.32,72,45,11.79
351,Nishihara,JP,2022-10-06 05:00:43,26.1842,127.7558,85.68,70,40,16.11
352,Ambon,ID,2022-10-06 05:00:44,-3.6954,128.1814,87.94,70,40,8.05
353,Tigre,AR,2022-10-06 05:00:44,-34.426,-58.5796,63.21,89,95,1.99
354,Nsukka,NG,2022-10-06 05:00:45,6.8561,7.3927,68.95,98,100,3.02
355,Bari,IT,2022-10-06 05:00:45,41.1177,16.8512,57.87,87,0,5.75
356,Koraput,IN,2022-10-06 05:00:46,18.8167,82.7167,70.88,90,100,7.76
357,Campoverde,PE,2022-10-06 05:00:46,-8.4753,-74.8058,79.74,67,100,2.48
358,Mongoumba,CF,2022-10-06 05:00:46,3.6415,18.5936,69.3,97,100,2.04
359,Teguldet,RU,2022-10-06 05:00:47,57.3064,88.1667,34.36,96,100,5.48
360,Kurumkan,RU,2022-10-06 05:00:47,54.3,110.3,36.12,47,22,1.7
361,Pisco,PE,2022-10-06 05:00:48,-13.7,-76.2167,57.51,91,2,1.5
362,Kitimat,CA,2022-10-06 05:00:18,54.0524,-128.6534,54.91,25,65,3.76
363,Benguela,AO,2022-10-06 05:00:48,-12.5763,13.4055,70.52,84,71,1.74
364,Taos,US,2022-10-06 05:00:49,36.4072,-105.5731,48.54,80,90,3.0
365,Ryotsu,JP,2022-10-06 05:00:49,38.0833,138.4333,60.13,63,100,11.65
366,Hayden,US,2022-10-06 05:01:49,47.766,-116.7866,59.56,80,99,1.01
367,Cap Malheureux,MU,2022-10-06 05:01:50,-19.9842,57.6142,76.46,65,7,13.0
368,Hervey Bay,AU,2022-10-06 05:01:50,-25.2986,152.8535,74.01,67,70,7.0
369,Port Blair,IN,2022-10-06 05:01:50,11.6667,92.75,82.44,78,100,2.3
370,Niquelandia,BR,2022-10-06 05:01:51,-14.4739,-48.4597,78.04,53,41,3.22
371,Sokoto,NG,2022-10-06 05:01:51,13.0609,5.239,80.71,57,86,4.76
372,Baihar,IN,2022-10-06 05:01:51,22.1,80.55,80.8,72,75,8.23
373,Druzhba,UA,2022-10-06 05:01:52,52.0428,33.9453,47.57,93,100,8.01
374,Acarau,BR,2022-10-06 05:01:52,-2.8856,-40.12,77.85,81,14,15.37
375,Vardo,NO,2022-10-06 05:01:53,70.3705,31.1107,46.38,87,100,23.02
376,Uvat,RU,2022-10-06 05:01:53,59.1433,68.8953,49.66,68,100,4.79
377,Filadelfia,US,2022-10-06 05:00:07,39.9523,-75.1638,58.01,92,20,3.44
378,Sweetwater,US,2022-10-06 05:01:18,25.7634,-80.3731,79.02,79,41,5.01
379,Hobyo,SO,2022-10-06 05:01:53,5.3505,48.5268,79.93,76,31,15.93
380,Mana,GF,2022-10-06 05:01:54,5.6592,-53.7767,77.77,88,5,10.45
381,Isabela,PH,2022-10-06 05:01:54,6.7085,121.9711,85.78,73,96,2.04
382,Ambulu,ID,2022-10-06 05:01:54,-8.345,113.6058,82.02,75,98,8.28
383,Juneau,US,2022-10-06 05:00:18,58.3019,-134.4197,55.09,100,100,2.71
384,Norton,ZW,2022-10-06 05:01:55,-17.8833,30.7,66.27,35,0,12.41
385,Jurm,AF,2022-10-06 05:01:55,36.8648,70.8342,58.8,34,4,3.67
386,Odesskoye,RU,2022-10-06 05:01:56,54.2111,72.9651,52.41,31,100,7.96
387,Arkhangelsk,RU,2022-10-06 05:01:56,64.5401,40.5433,46.51,100,100,4.47
388,Fukue,JP,2022-10-06 05:01:57,32.6881,128.8419,69.01,76,100,10.71
389,Kirovskiy,RU,2022-10-06 05:01:57,45.0917,133.5136,48.04,33,5,9.06
390,Paraiso,CR,2022-10-06 05:01:57,9.8383,-83.8656,67.87,100,99,1.77
391,Yulara,AU,2022-10-06 05:01:58,-25.2406,130.9889,94.84,11,3,20.71
392,Kamskoye Ustye,RU,2022-10-06 05:01:59,55.2016,49.268,48.2,79,96,13.0
393,Tucuman,AR,2022-10-06 05:01:59,-26.8241,-65.2226,58.75,67,76,3.69
394,Leh,IN,2022-10-06 05:01:59,34.1667,77.5833,48.65,33,0,5.37
395,Jeremie,HT,2022-10-06 05:01:59,18.65,-74.1167,81.5,84,86,9.24
396,Constitucion,CL,2022-10-06 05:01:10,-35.3333,-72.4167,48.33,87,61,5.12
397,Katangli,RU,2022-10-06 05:02:00,51.7102,143.2326,41.77,42,79,17.49
398,San Miguel,SV,2022-10-06 04:59:42,13.4833,-88.1833,73.06,97,100,1.41
399,Zaozerne,UA,2022-10-06 05:02:00,45.1582,33.2787,58.32,63,96,4.88
400,Cattolica,IT,2022-10-06 05:02:01,43.9575,12.7376,63.57,100,99,2.3
401,Olovyannaya,RU,2022-10-06 05:02:01,50.95,115.5667,40.06,34,9,7.78
402,Baryatino,RU,2022-10-06 05:02:02,54.3121,34.521,45.41,97,100,6.06
403,Mezokovacshaza,HU,2022-10-06 05:02:02,46.4,20.9167,46.49,72,100,4.21
404,Grand Forks,US,2022-10-06 05:00:19,47.9417,-97.4337,42.78,67,95,20.38
405,Seoul,KR,2022-10-06 04:57:21,37.5683,126.9778,67.6,60,75,4.61
406,Semirom,IR,2022-10-06 04:58:24,31.4167,51.5667,62.56,21,0,2.62
407,Dingle,PH,2022-10-06 05:02:03,10.9995,122.6711,86.83,69,66,10.8
408,Union,US,2022-10-06 05:02:03,40.6334,-74.2663,59.27,95,100,6.91
409,Balykshi,KZ,2022-10-06 05:02:03,47.0667,51.8667,59.0,63,40,11.18
410,Sioux Lookout,CA,2022-10-06 05:00:18,50.1001,-91.917,42.87,87,100,17.27
411,Rocha,UY,2022-10-06 05:02:04,-34.4833,-54.3333,55.6,90,100,9.75
412,Kolokani,ML,2022-10-06 05:02:04,13.5728,-8.0339,72.09,69,31,5.1
413,Chojnow,PL,2022-10-06 05:03:05,51.2737,15.9366,57.51,74,36,13.4
414,Ruwi,OM,2022-10-06 05:03:05,23.5996,58.5507,88.54,44,1,5.41
415,Novyy Urgal,RU,2022-10-06 05:03:05,51.0736,132.5642,41.09,32,76,12.5
416,Ternate,ID,2022-10-06 05:03:06,0.8,127.4,86.45,64,79,6.31
417,Nacogdoches,US,2022-10-06 05:03:06,31.6002,-94.6335,67.78,53,0,3.33
418,Reconquista,AR,2022-10-06 05:03:07,-29.15,-59.65,63.64,96,100,6.44
419,Vilyuysk,RU,2022-10-06 05:03:08,63.7553,121.6247,30.0,69,100,11.39
420,Faaborg,DK,2022-10-06 05:03:08,55.0951,10.2423,55.4,81,51,24.54
421,Znamenskoye,RU,2022-10-06 05:03:08,57.1281,73.8282,49.15,51,100,3.18
422,Chapais,CA,2022-10-06 05:03:09,49.7834,-74.8492,56.98,96,97,8.08
423,Riyadh,SA,2022-10-06 04:58:55,24.6877,46.7219,77.14,12,0,2.28
424,Tazovskiy,RU,2022-10-06 05:03:09,67.4667,78.7,34.09,78,93,5.32
425,Ossora,RU,2022-10-06 05:03:10,59.2353,163.0719,40.44,57,47,31.32
426,Nerchinskiy Zavod,RU,2022-10-06 05:03:10,51.3088,119.61,40.93,28,3,6.89
427,Kuybyshevo,RU,2022-10-06 05:03:10,47.8123,38.9073,50.54,67,64,5.5
428,Teya,RU,2022-10-06 05:03:11,60.3778,92.6267,34.61,84,97,4.97
429,Adre,TD,2022-10-06 05:03:11,13.4667,22.2,76.44,46,66,5.01
430,Birao,CF,2022-10-06 05:02:19,10.2849,22.7882,72.25,88,95,2.66
431,Sukumo,JP,2022-10-06 05:03:11,32.9333,132.7333,68.45,92,100,3.15
432,Yeppoon,AU,2022-10-06 05:03:12,-23.1333,150.7333,78.58,67,42,12.71
433,Newnan,US,2022-10-06 05:02:23,33.3807,-84.7997,59.38,71,0,0.0
434,Akureyri,IS,2022-10-06 05:03:12,65.6835,-18.0878,35.15,93,98,7.18
435,Kingston,JM,2022-10-06 05:02:46,17.997,-76.7936,78.24,92,42,3.71
436,At-Bashi,KG,2022-10-06 05:03:13,41.1702,75.8106,51.35,44,95,4.34
437,Trincomalee,LK,2022-10-06 05:03:13,8.5711,81.2335,87.19,60,100,16.62
438,Prabumulih,ID,2022-10-06 05:03:14,-3.45,104.25,86.76,70,94,1.43
439,Troitskoye,RU,2022-10-06 05:03:14,52.9821,84.6757,39.56,95,100,8.28
440,Erice,IT,2022-10-06 05:03:14,38.037,12.5865,57.36,65,6,4.41
441,Mabaruma,GY,2022-10-06 05:03:15,8.2,-59.7833,72.46,99,67,2.04
442,Verkhnyaya Toyma,RU,2022-10-06 05:03:15,62.2349,44.9985,45.36,96,100,1.45
443,Immokalee,US,2022-10-06 05:03:15,26.4187,-81.4173,73.94,88,69,6.33
444,Melo,UY,2022-10-06 05:03:16,-32.3667,-54.1833,56.23,93,100,10.42
445,Oktyabrskoye,RU,2022-10-06 05:03:16,43.0645,44.7417,51.94,100,100,2.24
446,Lakes Entrance,AU,2022-10-06 05:03:16,-37.8811,147.981,73.17,58,71,8.93
447,Ajdabiya,LY,2022-10-06 05:03:17,30.7554,20.2263,67.6,69,0,9.24
448,Borba,BR,2022-10-06 05:03:17,-4.3878,-59.5939,77.61,66,72,1.92
449,Pathardi,IN,2022-10-06 05:03:18,19.1667,75.1833,74.44,80,100,4.5
450,Canberra,AU,2022-10-06 05:01:36,-35.2835,149.1281,58.26,92,100,6.91
451,Petropavlovsk-Kamchatskiy,RU,2022-10-06 05:01:03,53.0452,158.6483,45.19,49,75,15.66
452,Huinan,CN,2022-10-06 05:03:18,42.6225,126.2614,49.59,38,100,5.3
453,Bayanday,RU,2022-10-06 05:03:18,53.0661,105.5139,36.41,72,100,4.41
454,Shanhetun,CN,2022-10-06 05:03:19,44.7,127.2,50.2,30,8,9.66
455,Poronaysk,RU,2022-10-06 05:00:32,49.2167,143.1167,45.01,38,99,15.43
456,Henties Bay,NA,2022-10-06 05:03:19,-22.116,14.2845,55.29,86,75,6.22
457,Changji,CN,2022-10-06 05:03:20,44.0167,87.3167,65.19,25,0,2.24
458,Ahipara,NZ,2022-10-06 05:04:20,-35.1667,173.1667,54.27,55,60,18.66
459,Nador,MA,2022-10-06 05:04:21,35.174,-2.9287,70.05,94,40,3.44
460,Bathsheba,BB,2022-10-06 05:04:21,13.2167,-59.5167,79.45,80,100,16.67
461,Rajpipla,IN,2022-10-06 05:04:21,21.8667,73.5,85.75,55,89,7.72
462,Zhicheng,CN,2022-10-06 05:04:22,30.2956,111.5047,49.64,91,100,5.17
463,Tual,ID,2022-10-06 05:04:22,-5.6667,132.75,82.76,77,97,10.31
464,Raudeberg,NO,2022-10-06 05:04:22,61.9875,5.1352,50.67,1,100,30.62
465,Luderitz,NA,2022-10-06 05:04:23,-26.6481,15.1594,53.42,74,12,16.75
466,Olga,RU,2022-10-06 05:04:23,43.7444,135.2892,52.09,28,4,7.09
467,Emilio Carranza,MX,2022-10-06 05:04:23,19.9711,-96.6114,74.23,87,98,3.71
468,Mocuba,MZ,2022-10-06 05:04:24,-16.8392,36.9856,79.03,47,0,4.03
469,Omboue,GA,2022-10-06 05:04:24,-1.5746,9.2618,75.0,90,92,5.68
470,Nijar,ES,2022-10-06 05:04:25,36.9665,-2.206,68.65,73,0,8.05
471,Rondonopolis,BR,2022-10-06 05:00:54,-16.4708,-54.6356,74.28,81,39,3.18
472,Vila,PT,2022-10-06 05:04:25,42.0304,-8.1588,52.68,90,98,5.21
473,Matay,EG,2022-10-06 05:04:26,28.419,30.7792,71.47,62,0,17.52
474,Hyeres,FR,2022-10-06 05:04:26,43.1167,6.1167,62.69,82,0,2.3
475,Alofi,NU,2022-10-06 05:04:26,-19.0595,-169.9187,76.98,82,91,12.19
476,Suntar,RU,2022-10-06 05:04:27,62.1444,117.6319,31.91,83,100,10.09
477,Port Elizabeth,ZA,2022-10-06 05:04:22,-33.918,25.5701,59.31,87,59,5.99
478,Yanam,IN,2022-10-06 05:04:27,16.7333,82.2167,78.4,93,100,5.64
479,Tevaitoa,PF,2022-10-06 05:04:28,-16.7833,-151.5,77.88,75,13,25.28
480,Vao,NC,2022-10-06 05:04:28,-22.6667,167.4833,71.04,62,96,15.46
481,Bilibino,RU,2022-10-06 05:04:28,68.0546,166.4372,25.63,96,100,4.7
482,Maningrida,AU,2022-10-06 05:04:29,-12.0667,134.2667,89.71,56,73,14.16
483,Madang,PG,2022-10-06 05:04:29,-5.2246,145.7966,84.74,69,89,7.05
484,San Quintin,MX,2022-10-06 05:04:29,30.4833,-115.95,68.36,84,29,4.27
485,Tiarei,PF,2022-10-06 05:04:30,-17.5333,-149.3333,80.01,71,61,25.52
486,Terney,RU,2022-10-06 05:04:30,45.0503,136.6092,50.38,29,7,12.01
487,Boyolangu,ID,2022-10-06 05:04:30,-8.1181,111.8935,80.47,77,100,9.84
488,Biltine,TD,2022-10-06 05:04:31,14.5333,20.9167,85.55,21,99,3.76
489,Dudinka,RU,2022-10-06 05:04:31,69.4058,86.1778,31.62,89,100,2.06
490,Cravo Norte,CO,2022-10-06 05:04:31,6.3017,-70.2041,79.97,75,77,1.99
491,Pundaguitan,PH,2022-10-06 05:04:32,6.3711,126.1689,83.71,72,47,7.72
492,Jaguaribe,BR,2022-10-06 05:04:32,-5.8906,-38.6219,76.03,73,6,5.73
493,Deputatskiy,RU,2022-10-06 05:04:32,69.3,139.9,15.1,87,100,7.94
494,Chauk,MM,2022-10-06 05:04:33,20.8833,94.8167,89.19,58,12,5.21
495,Bartica,GY,2022-10-06 05:04:33,6.4,-58.6167,73.0,98,79,0.63
496,Camacupa,AO,2022-10-06 05:04:33,-12.0167,17.4833,63.73,66,62,2.57
497,Vila Franca Do Campo,PT,2022-10-06 05:04:34,37.7167,-25.4333,69.19,84,97,9.93
498,Moindou,NC,2022-10-06 05:04:34,-21.6924,165.677,74.12,60,97,14.0
499,Gamba,GA,2022-10-06 05:04:34,-2.65,10.0,75.56,88,99,6.78
500,Hofn,IS,2022-10-06 05:04:35,64.2539,-15.2082,41.85,56,57,11.52
501,Maniitsoq,GL,2022-10-06 05:04:35,65.4167,-52.9,32.92,72,96,12.64
502,Shihezi,CN,2022-10-06 05:04:35,44.3,86.0333,63.37,29,0,4.05
503,Moroni,KM,2022-10-06 05:04:35,-11.7022,43.2551,76.33,72,16,1.59
504,Tura,IN,2022-10-06 05:26:05,25.5198,90.2201,81.28,77,42,4.94
505,Santa Maria,BR,2022-10-06 05:26:05,-29.6842,-53.8069,59.94,98,100,7.34
506,Iracoubo,GF,2022-10-06 05:26:05,5.4802,-53.2011,78.62,85,4,10.36
507,Bad Neuenahr-Ahrweiler,DE,2022-10-06 05:26:06,50.55,7.1,52.52,83,28,6.29
508,Evensk,RU,2022-10-06 05:26:06,61.95,159.2333,26.69,77,73,8.23
509,Dunedin,NZ,2022-10-06 05:26:06,-45.8742,170.5036,42.75,80,87,23.09
510,Manjo,CM,2022-10-06 05:26:07,4.8428,9.8217,68.65,98,98,1.34
511,Raga,SS,2022-10-06 05:26:07,8.4596,25.678,70.66,94,99,2.3
512,Shimoda,JP,2022-10-06 05:26:07,34.6667,138.95,57.56,92,100,17.67
513,Nurmijarvi,FI,2022-10-06 05:26:08,60.4641,24.8073,54.45,95,75,24.16
514,Ewa Beach,US,2022-10-06 05:26:08,21.3156,-158.0072,80.55,70,100,6.91
515,Sagaing,MM,2022-10-06 05:26:08,21.8787,95.9797,89.78,66,40,3.44
516,Jumla,NP,2022-10-06 05:26:09,29.2747,82.1838,55.78,95,100,2.8
517,Denpasar,ID,2022-10-06 05:25:14,-8.65,115.2167,80.26,83,40,8.05
518,Natitingou,BJ,2022-10-06 05:26:09,10.3042,1.3796,70.7,92,97,2.64
519,Ramachandrapuram,IN,2022-10-06 05:26:09,16.85,82.0167,86.41,94,100,5.12
520,Broome,US,2022-10-06 05:26:10,42.2506,-75.833,50.67,79,4,2.04
521,Mogocha,RU,2022-10-06 05:26:10,53.7333,119.7667,40.17,29,17,5.01
522,Kathmandu,NP,2022-10-06 05:22:25,27.7167,85.3167,66.42,100,100,5.75
523,Severnoye,RU,2022-10-06 05:26:10,56.3491,78.3619,42.76,92,100,3.51
524,Faya,SA,2022-10-06 05:26:11,18.3851,42.4509,69.91,25,29,10.51
525,Santa Luzia,BR,2022-10-06 05:26:11,-19.7697,-43.8514,70.7,73,0,6.91
526,Yuncheng,CN,2022-10-06 05:26:11,35.0231,110.9928,52.47,69,100,4.32
527,Kysyl-Syr,RU,2022-10-06 05:26:12,63.8986,122.7617,29.1,67,100,11.45
528,San Ramon,US,2022-10-06 05:26:12,37.7799,-121.978,69.75,71,0,4.61
529,Maniwaki,CA,2022-10-06 05:26:12,46.3834,-75.966,50.38,93,97,1.14
530,Kidal,ML,2022-10-06 05:26:13,18.4411,1.4078,85.32,18,0,13.47
531,Volosovo,RU,2022-10-06 05:26:13,59.4333,29.4833,50.29,97,100,10.49
532,Skierniewice,PL,2022-10-06 05:26:13,51.9548,20.1584,53.67,73,52,13.04
533,Wittingen,DE,2022-10-06 05:26:14,52.7269,10.7361,55.4,100,65,15.93
534,Kununurra,AU,2022-10-06 05:26:14,-15.7667,128.7333,98.58,36,63,4.61
535,Bataipora,BR,2022-10-06 05:26:14,-22.2953,-53.2711,68.27,93,23,8.12
536,Marrakesh,MA,2022-10-06 05:26:15,31.6315,-8.0083,64.47,63,3,3.44
537,Kirakira,SB,2022-10-06 05:26:15,-10.4544,161.9205,81.93,76,76,6.38
538,Yar-Sale,RU,2022-10-06 05:26:15,66.8333,70.8333,37.24,75,97,14.67
539,Mao,ES,2022-10-06 05:26:16,39.8885,4.2658,66.76,88,20,4.61
540,Carutapera,BR,2022-10-06 05:26:16,-1.195,-46.02,78.73,76,2,10.31
541,Ouadda,CF,2022-10-06 05:26:16,8.0777,22.4007,68.11,93,99,2.17
542,Genhe,CN,2022-10-06 05:26:17,50.7833,121.5167,39.81,28,4,7.9
543,Kruisfontein,ZA,2022-10-06 05:26:17,-34.0033,24.7314,51.89,84,24,6.44
544,Asau,RO,2022-10-06 05:26:18,46.4333,26.4,42.28,74,100,6.02
545,Pangai,TO,2022-10-06 05:26:18,-19.8,-174.35,78.91,83,75,8.05
546,El Alto,PE,2022-10-06 05:26:18,-4.2714,-81.2147,62.17,79,12,15.37
547,Pozo Colorado,PY,2022-10-06 05:26:19,-23.4923,-58.7972,71.26,95,80,3.0
548,Makubetsu,JP,2022-10-06 05:26:19,45.3714,141.8211,49.71,43,75,19.57
549,Clyde River,CA,2022-10-06 05:27:20,70.4692,-68.5914,25.03,74,100,17.27
550,Otane,NZ,2022-10-06 05:27:20,-39.8833,176.6333,43.02,59,79,10.87
551,Dauphin,CA,2022-10-06 05:27:20,51.1494,-100.0502,39.34,70,100,9.22
552,Churapcha,RU,2022-10-06 05:27:21,62.0025,132.4325,28.69,67,100,6.55
553,Hamilton,US,2022-10-06 05:26:28,39.1834,-84.5333,56.77,77,0,0.0
554,Berezovyy,RU,2022-10-06 05:27:21,51.6667,135.7,44.2,27,30,12.62
555,Bloemfontein,ZA,2022-10-06 05:27:21,-29.1211,26.214,56.68,54,0,2.3
556,Paso De Los Toros,UY,2022-10-06 05:27:22,-32.8167,-56.5167,56.73,85,100,12.77
557,Belousovka,KZ,2022-10-06 05:27:22,50.1339,82.5239,52.65,28,100,2.24
558,Derzhavinsk,KZ,2022-10-06 05:27:22,51.1,66.3167,56.12,18,100,9.73
559,La Palma,US,2022-10-06 05:27:23,33.8464,-118.0467,72.21,87,75,5.75
560,Gat,IL,2022-10-06 05:26:06,31.61,34.7642,75.88,100,5,4.18
561,Faanui,PF,2022-10-06 05:27:23,-16.4833,-151.75,78.08,75,7,25.23
562,Trelew,AR,2022-10-06 05:25:13,-43.249,-65.3051,61.63,35,100,16.58
563,Yangjiang,CN,2022-10-06 05:27:23,21.85,111.9667,85.24,68,5,9.82
564,Hearst,CA,2022-10-06 05:27:24,49.6835,-83.6665,43.05,97,100,7.43
565,Panguipulli,CL,2022-10-06 05:27:24,-39.6333,-72.3333,44.2,99,100,5.39
566,Kingman,US,2022-10-06 05:27:24,35.1894,-114.053,76.48,30,0,8.05
567,Ejigbo,NG,2022-10-06 05:27:25,7.9,4.3167,70.23,99,99,3.06
568,Kwinana,AU,2022-10-06 05:27:25,-32.25,115.7667,67.14,52,35,15.1
569,Bentiu,SS,2022-10-06 05:27:25,9.2333,29.8333,72.19,92,94,5.48
570,Mehamn,NO,2022-10-06 05:27:26,71.0357,27.8492,44.55,76,0,11.5
571,Hirara,JP,2022-10-06 05:27:26,24.8,125.2833,84.47,74,75,17.27
572,Cusco,PE,2022-10-06 05:27:26,-13.5183,-71.9781,51.28,71,95,4.32
573,Wurzburg,DE,2022-10-06 05:27:26,49.7878,9.9361,60.6,94,4,7.07
574,Shiraz,IR,2022-10-06 05:23:19,29.6036,52.5388,76.44,20,0,0.0
575,Kamenka,RU,2022-10-06 05:27:27,51.3223,42.7678,46.4,85,92,9.42
576,Wanning,CN,2022-10-06 05:27:27,18.8003,110.3967,82.89,82,22,8.46
577,Namatanai,PG,2022-10-06 05:23:12,-3.6667,152.4333,85.14,68,91,10.98
578,Qasigiannguit,GL,2022-10-06 05:27:28,68.8193,-51.1922,26.85,81,90,5.57
579,Moussoro,TD,2022-10-06 05:27:28,13.6408,16.4901,83.16,55,93,3.38
580,Eureka,US,2022-10-06 05:27:03,40.8021,-124.1637,58.68,86,76,1.01
581,Lingao,CN,2022-10-06 05:27:28,19.9103,109.6859,86.25,68,20,13.69
582,Abalak,RU,2022-10-06 05:27:29,58.1286,68.5944,49.28,52,100,4.29
583,Ponta Delgada,PT,2022-10-06 05:27:29,37.7333,-25.6667,70.5,88,40,6.91
584,Bafq,IR,2022-10-06 05:27:29,31.6128,55.4107,80.37,15,0,5.48
585,Srednekolymsk,RU,2022-10-06 05:27:30,67.45,153.6833,23.22,93,100,25.57
586,Arman,RU,2022-10-06 05:27:30,59.7,150.1667,32.02,46,98,3.02
587,Nanortalik,GL,2022-10-06 05:27:30,60.1432,-45.2371,37.9,91,43,10.85
588,Aswan,EG,2022-10-06 05:27:31,24.0934,32.907,87.1,28,0,5.75
589,San Juan,AR,2022-10-06 05:23:50,-31.5375,-68.5364,55.08,57,12,7.45
